OrderID,OrderDate,ProductID,Quantity,Price
1,2024-01-01,101,2,50.0
2,2024-01-01,102,1,100.0
3,2024-01-02,103,5,20.0
4,2024-01-03,104,3,15.0
5,2024-01-05,105,4,40.0
6,2024-01-10,101,-1,50.0
7,2024-01-12,106,2,0.0
8,2024-01-15,102,1,100.0
9,2024-02-01,103,3,25.0
10,2024-02-10,104,2,15.0
11,2024-02-20,105,6,40.0
12,2024-03-01,106,2,70.0
13,2024-03-15,101,1,50.0
14,2024-03-20,102,1,100.0
15,2024-03-25,107,0,30.0
16,2024-03-30,108,3,10.0
17,2024-04-01,109,5,15.0
18,2024-04-10,101,2,50.0
19,2024-04-15,110,3,80.0
20,2024-04-20,111,4,25.0